{"eigenvals": [-23.3680362701416, -54.67472839355469, -0.8041984438896179, -1.3650126457214355, -67.70347595214844], "iteration": 0, "trial_id": "b0c85c5009"}
